id,name,cat,salary,city,age
"1","SATIŞ MƏSLƏHƏTÇİSİ","Satış / Satış üzrə mütəxəssis","300 - 500 AZN","Bakı","20 - 40 yaş"
"2","ПАСТАМЕН","Xidmət / Restoran işi","300 - 400 AZN","Bakı","18 - 26 yaş"
"3","YANACAQDOLDURAN ŞƏXS","Xidmət / Digər","300 - 400 AZN","Bakı","25 - 45 yaş"
"4","SMM MENECERİ","Marketinq / Marketinq menecment","300 - 500 AZN","Bakı","20 - 30 yaş"
"5","İNGİLİS DİLİ MÜƏLLİMİ (RUS SEKTORU)","Təhsil və elm / Xüsusi təhsil/ Təlim","300 - 500 AZN","Bakı","22 - 35 yaş"
"6","ELEKTRİK","İnformasiya texnologiyaları / Digər","500 AZN","Bakı","23 - 35 yaş"
"7","HR MÜTƏXƏSSİS","İnzibati / Digər","300 AZN","Bakı","25 - 30 yaş"
"8","SATIŞ MÜTƏXƏSSİSİ","Satış / Satış üzrə mütəxəssis","700 - 1100 AZN","Bakı","25 - 40 yaş"
"9","XARİCDƏ TƏHSİL ÜZRƏ KONSULTANT","Təhsil və elm / Digər","800 - 1000 AZN","Bakı","23 - 35 yaş"
"10","BÖYÜK MÜHASİB","Maliyyə / Mühasibat","1000 AZN","Bakı","25 - 50 yaş"
"11","OPERATOR","İnzibati / İnzibati dəstək","400 - 600 AZN","Bakı","22 - 30 yaş"
"12","PROMOUTER","Marketinq / Reklam","200 - 400 AZN","Bakı","18 - 35 yaş"
"13","OFİS MENECERİ ","İnzibati / Ofis menecmenti","400 - 500 AZN","Bakı","22 - 35 yaş"
"14","MÜHAFİZƏÇİ","Xidmət / Mühafizə xidməti","400 - 500 AZN","Qaradağ","25 - 35 yaş"
"15","АССИСТЕНТ ОТДЕЛА TRADE MARKETİNG ","Marketinq / Marketinq menecment","600 - 800 AZN","Bakı","25 - 40 yaş"
"16","RƏQƏMSAL MARKETİNQ MÜTƏXƏSSİSİ","Marketinq / Marketinq menecment","700 - 1000 AZN","Bakı","25 - 40 yaş"
"17","SÜRÜCÜ","Xidmət / Sürücü","700 - 1000 AZN","Bakı","21 - 63 yaş"
"18","OPERATOR","İnzibati / İnzibati dəstək","300 - 400 AZN","Bakı","19 - 35 yaş"
"19","RESEPŞN","İnzibati / Katibə / Resepşn","400 - 500 AZN","Bakı","21 - 30 yaş"
"20","PİZZAÇI","Xidmət / Restoran işi","400 - 500 AZN","Bakı","18 - 35 yaş"
"21","ОПЕРАТОР CALL ЦЕНТРА","Xidmət / Restoran işi","500 AZN","Bakı","20 - 35 yaş"
"22","TƏCRÜBƏÇİ HÜQUQŞÜNAS","Hüquqşünaslıq / Hüquqşünas","200 - 300 AZN","Bakı","20 - 25 yaş"
"23","АГЕНТ ПО ОБСЛУЖИВАНИЮ АВИАПАССАЖИРОВ","Xidmət / Digər","700 AZN","Bakı","20 - 30 yaş"
"24","SATICI","Satış / Satış üzrə mütəxəssis","300 - 500 AZN","Bakı","25 - 40 yaş"
"25","DEKORATOR","Dizayn / Digər","700 - 1000 AZN","Bakı","20 - 50 yaş"
"26","MÜHASİB","Maliyyə / Mühasibat","500 - 600 AZN","Bakı","23 - 40 yaş"
"27","SATIŞ ÜZRƏ OPERATOR","Satış / Satış üzrə mütəxəssis","500 - 800 AZN","Bakı","20 - 35 yaş"
"28","КАССИР","Maliyyə / Kassir","400 AZN","Bakı","18 - 29 yaş"
"29","ELEKTRİK MÜHƏNDİSİ","Sənaye və kənd təsərrüfatı / Mühəndis","200 - 500 AZN","Bakı","21 - 30 yaş"
"30","MƏHSUL TANITIMI ÜZRƏ MÜTƏXƏSSİS ","Marketinq / Reklam","400 AZN","Bakı","22 - 35 yaş"
"31","SATIŞ ÜZRƏ MÜTƏXƏSSİS","Satış / Satış üzrə mütəxəssis","1000 - 1200 AZN","Bakı","24 - 35 yaş"
"32","SATIŞ MENECERİ","Satış / Daşınmaz əmlak agenti / makler","600 - 900 AZN","Bakı","21 - 45 yaş"
"33","РЕСЕПШН ","İnzibati / Katibə / Resepşn","200 - 400 AZN","Bakı","20 - 35 yaş"
"34","QRAFİK DİZAYNER","Dizayn / Digər","500 - 1000 AZN","Bakı","20 - 35 yaş"
"35","RESEPŞN","İnzibati / Katibə / Resepşn","400 AZN","Bakı","22 - 30 yaş"
"36","SEKTOR MÜDİRİ","Satış / Satış üzrə mütəxəssis","700 - 1500 AZN","Bakı","20 - 50 yaş"
"37","DEFEKTOLOQ-LOQOPED","Təhsil və elm / Xüsusi təhsil/ Təlim","500 AZN","Bakı","18 - 50 yaş"
"38","XADİMƏ","Xidmət / Xadimə","400 AZN","Bakı","35 - 45 yaş"
"39","QRAFİK DİZAYNER","Dizayn / Digər","600 AZN","Bakı","24 - 32 yaş"
"40","UX/UI ДИЗАЙНЕР","Dizayn / Digər","—","Bakı","minimum 20 yaş"
"41","OPERATOR","İnzibati / İnzibati dəstək","300 - 400 AZN","Bakı","20 - 45 yaş"
"42","OPERATOR","Maliyyə / Digər","200 - 500 AZN","Bakı","20 - 38 yaş"
"43","ПРОДАВЕЦ-КОНСУЛЬТАНТ ","Satış / Satış üzrə mütəxəssis","500 - 600 AZN","Bakı","20 - 35 yaş"
"44","YÜK AVTOMOBİLİ SÜRÜCÜSÜ","Xidmət / Sürücü","500 - 600 AZN","Bakı","24 - 40 yaş"
"45","KATİBƏ-RESEPŞN","İnzibati / Katibə / Resepşn","400 - 500 AZN","Bakı","24 - 34 yaş"
"46","SÜRÜCÜ","Xidmət / Sürücü","500 - 600 AZN","Bakı","25 - 55 yaş"
"47","SATICI","Satış / Satış üzrə mütəxəssis","400 - 500 AZN","Bakı","22 - 40 yaş"
"48","KASSİR","Maliyyə / Kassir","400 AZN","Bakı","22 - 35 yaş"
"49","FƏHLƏ-ANBARDAR","Xidmət / Anbardar","300 - 400 AZN","Bakı","18 - 35 yaş"
"50","CALL CENTER OPERATOR","Marketinq / İctimayətlə əlaqələr","400 AZN","Bakı","25 - 35 yaş"
"51","SATIŞ MENECERİ","Satış / Satış üzrə mütəxəssis","400 - 500 AZN","Bakı","18 - 40 yaş"
"52","ZƏNG MƏRKƏZİNİN OPERATORU","İnzibati / İnzibati dəstək","300 - 400 AZN","Bakı","18 - 27 yaş"
"53","SATIŞ NÜMAYƏNDƏSİ","Satış / Satış üzrə mütəxəssis","800 - 1100 AZN","Bakı","25 - 35 yaş"
"54","MÜHASİB","Maliyyə / Mühasibat","500 - 600 AZN","Bakı","27 - 35 yaş"
"55","LABORANT","Sənaye və kənd təsərrüfatı / Digər","400 - 500 AZN","Bakı","25 - 35 yaş"
"56","1C OPERATOR","Maliyyə / Mühasibat","300 - 400 AZN","Bakı","25 - 60 yaş"
"57","XADİMƏ","Xidmət / Xadimə","400 - 500 AZN","Bakı","35 - 45 yaş"
"58","ÇİLİNGƏR","Sənaye və kənd təsərrüfatı / Mühəndis","500 - 700 AZN","Bakı","30 - 50 yaş"
"59","DİREKTOR ASSİSTENTİ","İnzibati / Katibə / Resepşn","500 - 700 AZN","Bakı","24 - 35 yaş"
"60","SÜRÜCÜ","Xidmət / Sürücü","600 - 700 AZN","Bakı","25 - 55 yaş"
"61","OFİS MENECERİ","İnzibati / Ofis menecmenti","300 - 600 AZN","Bakı","20 - 35 yaş"
"62","OPERATOR","Maliyyə / Sığorta","300 - 400 AZN","Bakı","22 - 40 yaş"
"63","FLORİST","Dizayn / Digər","200 - 600 AZN","Bakı","20 - 35 yaş"
"64","SATICI","Satış / Satış üzrə mütəxəssis","300 - 400 AZN","Bakı","20 - 35 yaş"
"65","DİREKTOR ASSİSTENTİ","İnzibati / Digər","500 - 700 AZN","Bakı","23 - 33 yaş"
"66","SATIŞ MƏSLƏHƏTÇİSİ","Satış / Satış üzrə mütəxəssis","500 - 800 AZN","Bakı","25 - 35 yaş"
"67","RESEPŞN","İnzibati / Katibə / Resepşn","400 AZN","Bakı","20 - 30 yaş"
"68","OPERATOR","İnzibati / Digər","400 AZN","Bakı","18 - 25 yaş"
"69","MARKETİNQ VƏ SATIŞ MENECERİ","Marketinq / Marketinq menecment","700 - 900 AZN","Bakı","28 - 45 yaş"
"70","OFİS MENECERİ","İnzibati / Ofis menecmenti","400 - 500 AZN","Bakı","25 - 40 yaş"
"71","FƏHLƏ","Xidmət / Fəhlə","500 AZN","Bakı","20 - 30 yaş"
"72","DİZAYNER","Dizayn / Digər","400 - 500 AZN","Bakı","27 - 37 yaş"
"73","MÜHASİB","Maliyyə / Mühasibat","300 - 500 AZN","Bakı","20 - 35 yaş"
"74","OPTİK USTA","Xidmət / Digər","400 - 700 AZN","Bakı","25 - 40 yaş"
"75","MOTO KURYER","Xidmət / Kuryer","600 AZN","Bakı","20 - 40 yaş"
"76","MƏHSUL ÜZRƏ MENECER","Marketinq / Marketinq menecment","1000 - 1300 AZN","Bakı","20 - 45 yaş"
"77","TİBBİ NÜMAYƏNDƏ","Tibb və əczaçılıq / Tibb təmsilçisi","400 - 600 AZN","Bakı","20 - 35 yaş"
"78","MENECER","Marketinq / Reklam","300 - 500 AZN","Bakı","19 - 46 yaş"
"79","QRAFİK DİZAYNER","Dizayn / Digər","500 - 800 AZN","Bakı","25 - 40 yaş"
"80","HÜQUQŞÜNAS KÖMƏKÇİSİ","Hüquqşünaslıq / Hüquqşünas","400 - 500 AZN","Bakı","21 - 30 yaş"
"81","SATIŞ ÜZRƏ OPERATOR","Satış / Satış üzrə mütəxəssis","400 - 500 AZN","Bakı","22 - 27 yaş"
"82","DİREKTOR ASSİSTENTİ","İnzibati / Digər","500 - 600 AZN","Bakı","22 - 30 yaş"
"83","SATICI-KONSULTANT","Satış / Satış üzrə mütəxəssis","300 - 400 AZN","Bakı","18 - 35 yaş"
"84","TİBBİ NÜMAYƏNDƏ","Tibb və əczaçılıq / Tibb təmsilçisi","400 - 600 AZN","Gəncə","22 - 45 yaş"
"85","МЕНЕДЖЕР БУТИКА","İnzibati / Menecment","1500 AZN","Bakı","30 - 55 yaş"
"86","SÜRÜCÜ-EKSPEDİTOR","Xidmət / Sürücü","500 AZN","Bakı","25 - 50 yaş"
"87","KOPİRAYTER","Marketinq / Kopiraytinq","300 - 500 AZN","Bakı","20 - 30 yaş"
"88","FƏHLƏ","Xidmət / Fəhlə","400 - 600 AZN","Bakı","18 - 35 yaş"
"89","SATIŞ NÜMAYƏNDƏSİ","Satış / Satış üzrə mütəxəssis","600 - 800 AZN","Bakı","23 - 35 yaş"
"90","OPERATOR","İnzibati / Digər","300 - 400 AZN","Bakı","19 - 37 yaş"
"91","KASSİR","Maliyyə / Kassir","300 - 400 AZN","Bakı","20 - 25 yaş"
"92","BAĞBAN","Xidmət / Digər","700 AZN","Bakı","25 - 40 yaş"
"93","MENECER KÖMƏKÇİSİ","İnzibati / Digər","300 - 400 AZN","Bakı","25 - 35 yaş"
"94","SATICI","Satış / Satış üzrə mütəxəssis","300 AZN","Bakı","18 - 25 yaş"
"95","REKLAM USTASI","Marketinq / Reklam","600 - 800 AZN","Bakı","20 - 50 yaş"
"96","УЧИТЕЛЬНИЦА","Təhsil və elm / Xüsusi təhsil/ Təlim","500 - 800 AZN","Bakı","20 - 45 yaş"
"97","QRAFİK DİZAYNER","Marketinq / Reklam","500 - 800 AZN","Bakı","20 - 35 yaş"
"98","XƏZİNƏDAR","Maliyyə / Kassir","400 AZN","Sumqayıt","20 - 30 yaş"
"99","КОНТЕНТ-МАРКЕТОЛОГ","Marketinq / Marketinq menecment","—","Bakı","minimum 20 yaş"
"100","BULDOZER OPERATORU","Xidmət / Sürücü","600 - 700 AZN","Bakı","25 - 50 yaş"
"101","SATIŞ MƏSLƏHƏTÇİSİ","Satış / Satış üzrə mütəxəssis","400 - 600 AZN","Bakı","20 - 35 yaş"
"102","MEBEL DİZAYNERİ","İnformasiya texnologiyaları / Digər","1000 - 1200 AZN","Bakı","25 - 40 yaş"
"103","SATICI","Satış / Satış üzrə mütəxəssis","400 - 600 AZN","Bakı","25 - 40 yaş"
"104","SATIŞ TƏMSİLÇİSİ","Satış / Satış üzrə mütəxəssis","400 - 500 AZN","Bakı","18 - 25 yaş"
"105","AUDİTOR","Maliyyə / Audit","2500 - 3000 AZN","Bakı","25 - 55 yaş"
"106","SIĞORTA MÜTƏXƏSSİSİ","Maliyyə / Sığorta","400 - 600 AZN","Bakı","21 - 35 yaş"
"107","GÖMRÜK BƏYANNAMƏLƏRİNİN TƏRTİB OLUNMASI ÜZRƏ MÜTƏXƏSSİS","İnzibati / Digər","400 - 600 AZN","Bakı","22 - 45 yaş"
"108","PROMOUTER","Marketinq / Reklam","800 AZN","Bakı","24 - 30 yaş"
"109","MÜŞTƏRİ XİDMƏTİ ÜZRƏ MÜTƏXƏSSİS","İnzibati / İnzibati dəstək","300 - 500 AZN","Bakı","20 - 35 yaş"
"110","MÜHAFİZƏÇİ","Xidmət / Mühafizə xidməti","400 - 600 AZN","Lənkaran","18 - 60 yaş"
"111","XADİMƏ","Xidmət / Xadimə","400 AZN","Bakı","25 - 50 yaş"
"112","HR MÜTƏXƏSSİS","İnzibati / Digər","600 - 700 AZN","Bakı","25 - 45 yaş"
"113","CALL CENTER OPERATOR","İnzibati / İnzibati dəstək","300 AZN","Bakı","19 - 28 yaş"
"114","XADİMƏ","Xidmət / Xadimə","400 AZN","Bakı","30 - 55 yaş"
"115","KANAL İDARƏÇİSİ","İnzibati / Digər","300 AZN","Bakı","20 - 30 yaş"
"116","MOBİL PROQRAMÇI ","İnformasiya texnologiyaları / Proqramlaşdırma","—","Bakı","minimum 22 yaş"
"117","FRONT-END PROQRAMÇI","İnformasiya texnologiyaları / Proqramlaşdırma","500 AZN","Xırdalan","minimum 22 yaş"
"118","RƏQƏMSAL MARKETİNQ MÜTƏXƏSSİSİ","Marketinq / Marketinq menecment","400 - 500 AZN","Bakı","22 - 35 yaş"
"119"," LAYİHƏ MENECMENTİ ÜZRƏ TƏCRÜBƏÇİ","İnformasiya texnologiyaları / İT layihələrin idarə edilməsi","100 AZN","Bakı","18 - 25 yaş"
"120","SATIŞ MÜTƏXƏSSİSİ","Satış / Satış üzrə mütəxəssis","400 - 500 AZN","Bakı","22 - 35 yaş"
"121","TİBBİ NÜMAYƏNDƏ","İnzibati / Digər","800 - 1200 AZN","Bakı","25 - 35 yaş"
"122","SATIŞ ÜZRƏ MÜTƏXƏSSİS","Satış / Satış üzrə mütəxəssis","500 - 700 AZN","Bakı","21 - 30 yaş"
"123","TİBBİ NÜMAYƏNDƏ","Tibb və əczaçılıq / Tibb təmsilçisi","600 - 1000 AZN","Bakı","20 - 35 yaş"
"124","MÜŞTƏRİ XİDMƏTLƏRİ VƏ ƏMƏLİYYAT ŞÖBƏSİNİN MÜTƏXƏSSİSİ","İnzibati / Digər","600 AZN","Bakı","20 - 30 yaş"
"125","BARİSTA","Xidmət / Restoran işi","500 AZN","Bakı","18 - 30 yaş"
"126","OPERATOR","İnzibati / İnzibati dəstək","400 - 700 AZN","Bakı","18 - 40 yaş"
"127","ОФИС МЕНЕДЖЕР","İnzibati / Ofis menecmenti","500 - 700 AZN","Bakı","24 - 30 yaş"
"128","KOORDİNATOR","İnzibati / Digər","500 - 600 AZN","Bakı","25 - 40 yaş"
"129","XADİMƏ","Xidmət / Xadimə","300 - 500 AZN","Bakı","30 - 65 yaş"
"130"," БАРИСТА","Xidmət / Restoran işi","400 - 500 AZN","Bakı","18 - 28 yaş"
"131","İNTERNET QOŞULMA VƏ SERVİS ÜZRƏ TEXNİK","İnformasiya texnologiyaları / Digər","500 AZN","Bakı","23 - 35 yaş"
"132","KORPARATİV SATIŞ MENECERİ","Satış / Satış üzrə mütəxəssis","500 - 700 AZN","Bakı","22 - 35 yaş"
"133","JUNİOR BACK END PROQRAMÇI","İnformasiya texnologiyaları / Proqramlaşdırma","300 - 500 AZN","Bakı","18 - 30 yaş"
"134","SATIŞ TƏMSİLÇİSİ","Satış / Satış üzrə mütəxəssis","500 - 800 AZN","Bakı","20 - 30 yaş"
"135","SATICI","Satış / Satış üzrə mütəxəssis","400 - 800 AZN","Bakı","18 - 30 yaş"
"136","ПРОГРАММИСТ","İnformasiya texnologiyaları / Proqramlaşdırma","2000 AZN","Bakı","23 - 40 yaş"
"137","ДИЗАЙНЕР","Dizayn / Digər","400 - 500 AZN","Bakı","22 - 35 yaş"
"138","TİBBİ NÜMAYƏNDƏ","Tibb və əczaçılıq / Tibb təmsilçisi","500 AZN","Bakı","19 - 45 yaş"
"139","TİBBİ NÜMAYƏNDƏ","Tibb və əczaçılıq / Tibb təmsilçisi","400 - 800 AZN","Bakı","21 - 45 yaş"
"140","TİBBİ NÜMAYƏNDƏ","Tibb və əczaçılıq / Tibb təmsilçisi","300 - 800 AZN","Bakı","18 - 26 yaş"
"141","ÇAĞRI MƏRKƏZİ OPERATORU","İnzibati / Digər","300 - 500 AZN","Bakı","18 - 34 yaş"
"142","OFİS MENECERİ ","İnzibati / Ofis menecmenti","500 AZN","Bakı","19 - 30 yaş"
"143","DƏRZİ","Xidmət / Digər","600 - 800 AZN","Bakı","25 - 55 yaş"
"144","SÜRÜCÜ","Xidmət / Sürücü","500 - 600 AZN","Bakı","40 - 55 yaş"
"145","RİELTOR","Satış / Daşınmaz əmlak agenti / makler","800 - 1200 AZN","Bakı","24 - 45 yaş"
"146","OPERATOR","İnzibati / İnzibati dəstək","200 - 300 AZN","Bakı","18 - 28 yaş"
"147","SATIŞ TƏMSİLÇİSİ","Satış / Satış üzrə mütəxəssis","300 - 500 AZN","Bakı","19 - 30 yaş"
"148","KORPORATİV SATIŞ MÜTƏXƏSSİSİ","Satış / Satış üzrə mütəxəssis","500 - 1000 AZN","Bakı","25 - 40 yaş"
"149","MARKETİNQ ŞÖBƏSİNİN MÜDİRİ","Marketinq / Marketinq menecment","500 - 600 AZN","Bakı","18 - 50 yaş"
"150","OPERATOR","İnzibati / İnzibati dəstək","300 - 500 AZN","Bakı","19 - 45 yaş"
"151","OFİSİANT","Xidmət / Restoran işi","600 - 1000 AZN","Bakı","20 - 28 yaş"
"152","AVTOMATİK QAPI USTASI","Sənaye və kənd təsərrüfatı / Tikinti","500 - 700 AZN","Bakı","25 - 35 yaş"
"153","MÜHASİB","Maliyyə / Mühasibat","800 - 1000 AZN","Bakı","28 - 45 yaş"
"154","BACK-END PROGRAMÇI","İnformasiya texnologiyaları / Proqramlaşdırma","800 - 1100 AZN","Bakı","20 - 27 yaş"
"155","SOSİAL MEDİA ÜZRƏ MÜTƏXƏSSİS","Marketinq / Reklam","500 AZN","Bakı","22 - 35 yaş"
"156","PERSONAL ASSİSTENT","İnzibati / Digər","500 - 700 AZN","Bakı","23 - 35 yaş"
"157","RESEPŞN","İnzibati / Katibə / Resepşn","400 - 600 AZN","Bakı","18 - 38 yaş"
"158","STRATEJİ ARAŞDIRMA VƏ İNVESTİSİYA ŞÖBƏSİNƏ MÜTƏXƏSSİS","Sənaye və kənd təsərrüfatı / Digər","1000 - 1500 AZN","Bakı","25 - 35 yaş"
"159","ОПЕРАТОР / МОДЕРАТОР","İnzibati / İnzibati dəstək","300 - 400 AZN","Bakı","20 - 30 yaş"
"160","MÜHASİB","Maliyyə / Mühasibat","500 - 600 AZN","Bakı","30 - 35 yaş"
"161","TEXNİKİ DİZAYNER","Dizayn / Digər","700 - 1000 AZN","Bakı","20 - 40 yaş"
"162","SATIŞ MÜTƏSƏSSİSİ","Satış / Satış üzrə mütəxəssis","500 - 800 AZN","Bakı","20 - 36 yaş"
"163","SÜRÜCÜ-EKSPEDİTOR","Xidmət / Sürücü","600 - 700 AZN","Bakı","22 - 35 yaş"
"164","SATIŞ MENECERİ","Satış / Satış üzrə mütəxəssis","1000 - 1500 AZN","Bakı","25 - 50 yaş"
"165","PROMOUTER","Marketinq / Reklam","400 - 600 AZN","Bakı","18 - 25 yaş"
"166","MERÇENDAYZİNQ MÜTƏXƏSSİSİ","Marketinq / Marketinq menecment","500 - 800 AZN","Bakı","22 - 30 yaş"
"167","SOSİAL MEDİA MENECERİ","İnformasiya texnologiyaları / Digər","600 - 800 AZN","Bakı","21 - 35 yaş"
"168","TİKİNTİ USTASI","Sənaye və kənd təsərrüfatı / Tikinti","500 AZN","Bakı","25 - 45 yaş"
"169","KASSİR","Xidmət / Restoran işi","300 - 400 AZN","Bakı","20 - 35 yaş"
"170","HOSTES","Xidmət / Restoran işi","300 - 400 AZN","Bakı","20 - 35 yaş"
"171","OFİSİANT","Xidmət / Restoran işi","300 AZN","Bakı","18 - 40 yaş"
"172","ÇAYCI","Xidmət / Digər","300 - 400 AZN","Bakı","25 - 35 yaş"
"173","XADİMƏ","Xidmət / Xadimə","500 AZN","Bakı","40 - 48 yaş"
"174","TƏCRÜBƏÇİ HÜQUQŞUNAS","Hüquqşünaslıq / Hüquqşünas","100 - 200 AZN","Bakı","20 - 25 yaş"
"175","ВИДЕООПЕРАТОР","Dizayn / Digər","2000 AZN","Bakı","18 - 55 yaş"
"176","АССИСТЕНТ МЕНЕДЖЕРА","Xidmət / Restoran işi","500 - 600 AZN","Bakı","23 - 35 yaş"
"177","ВИДЕОМОНТАЖЕР","İnformasiya texnologiyaları / Digər","1500 AZN","Bakı","18 - 40 yaş"
"178","İT TEXNİK","İnformasiya texnologiyaları / İT mütəxəssisi / məsləhətçi","400 - 600 AZN","Bakı","20 - 40 yaş"
"179","VERGİ VƏ HESABATLILIQ BÖLMƏSİNİN  RƏHBƏRİ","Maliyyə / Mühasibat","2500 - 3500 AZN","Bakı","30 - 45 yaş"
"180","ELEKTRİK-AVTOMATİKA","Sənaye və kənd təsərrüfatı / Mühəndis","700 - 1000 AZN","Bakı","25 - 55 yaş"
"181","İT MÜHƏNDİS","İnformasiya texnologiyaları / İT mütəxəssisi / məsləhətçi","400 - 500 AZN","Bakı","21 - 40 yaş"
"182","ПРОДАВЩИЦА","Xidmət / Restoran işi","600 AZN","Bakı","18 - 25 yaş"
"183","PROQRAMÇI","İnformasiya texnologiyaları / Proqramlaşdırma","1500 - 2000 AZN","Bakı","21 - 28 yaş"
"184","SATIŞ TƏMSİLÇİSİ","Satış / Satış üzrə mütəxəssis","1000 - 1200 AZN","Bakı","24 - 35 yaş"
"185","TUR MENECER","Xidmət / Turizm və mehmanxana işi","400 - 600 AZN","Bakı","18 - 35 yaş"
"186","SATIŞ MENİCERİ","Satış / Satış üzrə mütəxəssis","400 - 2000 AZN","Bakı","18 - 35 yaş"
"187","SATIŞ MENECERİ","Satış / Satış üzrə mütəxəssis","400 - 600 AZN","Bakı","18 - 25 yaş"
"188","SATIŞ VƏ MARKETİNQ MÜTƏXƏSSİSİ ","Marketinq / Marketinq menecment","1000 - 1100 AZN","Bakı","25 - 50 yaş"
"189","TƏCHİZAT ÜZRƏ MÜTƏXƏSSİS","Xidmət / Restoran işi","500 - 700 AZN","Bakı","22 - 40 yaş"
"190","TİBBİ NÜMAYƏNDƏ","Tibb və əczaçılıq / Tibb təmsilçisi","700 - 900 AZN","Bakı","20 - 35 yaş"
"191","OFİS MENECERİ","İnzibati / Ofis menecmenti","400 - 500 AZN","Bakı","22 - 30 yaş"
"192","SATIŞ MENECERİ","Satış / Satış üzrə mütəxəssis","800 - 1100 AZN","Sumqayıt","25 - 45 yaş"
"193","MÜŞTƏRİ TƏMSİLÇİSİ","Satış / Satış üzrə mütəxəssis","500 - 700 AZN","Bakı","25 - 35 yaş"
"194","ОФИЦИАНТ","Xidmət / Restoran işi","400 - 500 AZN","Bakı","22 - 35 yaş"
"195","SATIŞ AUDİTORU","Maliyyə / Audit","400 - 600 AZN","Gəncə","22 - 30 yaş"
"196","KATİBƏ-RESEPŞN","İnzibati / Katibə / Resepşn","300 - 500 AZN","Bakı","22 - 30 yaş"
"197","ÇİLİNGƏR","Sənaye və kənd təsərrüfatı / Tikinti","800 AZN","Bakı","25 - 55 yaş"
"198","PRİNTER USTASI","İnformasiya texnologiyaları / Digər","800 - 1100 AZN","Bakı","25 - 50 yaş"
"199","SATIŞ ÜZRƏ MÜTƏXƏSSİS","Satış / Satış üzrə mütəxəssis","400 AZN","Bakı","22 - 40 yaş"
"200","KURYER","Xidmət / Kuryer","300 AZN","Bakı","25 - 45 yaş"
"201","TİBBİ NÜMAYƏNDƏ","Tibb və əczaçılıq / Tibb təmsilçisi","400 - 600 AZN","Bakı","25 - 45 yaş"
"202","SÜRÜCÜ","Xidmət / Sürücü","500 - 800 AZN","Bakı","30 - 55 yaş"
"203","LAYİHƏ MENECERİ","İnformasiya texnologiyaları / İT layihələrin idarə edilməsi","1000 - 1500 AZN","Bakı","25 - 35 yaş"
"204","SATIŞ TƏMSİLÇİSİ","Satış / Satış üzrə mütəxəssis","1200 - 1800 AZN","Bakı","22 - 30 yaş"
"205","MÜHASİB KÖMƏKÇİSİ","Maliyyə / Mühasibat","400 - 500 AZN","Bakı","24 - 35 yaş"
"206","MÜDİR KÖMƏKÇİSİ","İnzibati / Katibə / Resepşn","500 - 1000 AZN","Bakı","22 - 35 yaş"
"207","QEYDİYYATÇI","İnzibati / İnzibati dəstək","700 - 900 AZN","Bakı","18 - 35 yaş"
"208","EHTİYAT HİSSƏLƏRİ ÜZRƏ SATIŞ MENECERİ","Satış / Satış üzrə mütəxəssis","800 - 1200 AZN","Bakı","25 - 40 yaş"
"209","KREDİT MÜTƏXƏSSİSİ","Maliyyə / Kredit mütəxəssisi","300 - 500 AZN","Bakı","21 - 35 yaş"
"210","KATİBƏ","İnzibati / Katibə / Resepşn","500 AZN","Bakı","25 - 45 yaş"
"211","TİBBİ NÜMAYƏNDƏ","Tibb və əczaçılıq / Tibb təmsilçisi","600 - 800 AZN","Bakı","20 - 35 yaş"
"212","РИЭЛТОР","Satış / Daşınmaz əmlak agenti / makler","500 - 1000 AZN","Bakı","25 - 37 yaş"
"213","REİLTOR","Satış / Daşınmaz əmlak agenti / makler","800 - 1500 AZN","Bakı","25 - 40 yaş"
"214","SMM MENECER","Marketinq / Marketinq menecment","400 - 600 AZN","Bakı","22 - 35 yaş"
"215","FƏHLƏ","Xidmət / Fəhlə","400 - 500 AZN","Bakı","20 - 30 yaş"
"216","RİELTOR","Satış / Daşınmaz əmlak agenti / makler","300 - 700 AZN","Bakı","20 - 50 yaş"
"217","SATIŞ TƏMSİLÇİSİ","Satış / Satış üzrə mütəxəssis","700 - 1000 AZN","Bakı","20 - 35 yaş"
"218","TİBBİ NÜMAYƏNDƏ","Tibb və əczaçılıq / Tibb təmsilçisi","500 - 1500 AZN","Bakı","18 - 35 yaş"
"219","MÜHASİB","Maliyyə / Mühasibat","500 - 800 AZN","Bakı","23 - 33 yaş"
"220","TƏKƏR USTASI","Maliyyə / Digər","300 - 500 AZN","Bakı","24 - 36 yaş"
"221","SARĞIÇI- MOTORLARIN, GENERATORLARIN SARILMASI","Sənaye və kənd təsərrüfatı / Digər","700 - 1000 AZN","Bakı","25 - 50 yaş"
"222","КОНСУЛЬТАНТ ПО ПРОДАЖАМ","Satış / Satış üzrə mütəxəssis","500 - 700 AZN","Bakı","22 - 40 yaş"
"223","TİBB BACISI","Tibb və əczaçılıq / Tibbi personal","300 - 400 AZN","Bakı","20 - 45 yaş"
"224","OPERATOR","İnzibati / İnzibati dəstək","300 - 400 AZN","Bakı","18 - 35 yaş"
"225","ƏCZAÇI","Tibb və əczaçılıq / Tibbi personal","300 - 500 AZN","Sumqayıt","18 - 55 yaş"
"226","RİELTOR","Satış / Daşınmaz əmlak agenti / makler","800 - 1500 AZN","Bakı","18 - 50 yaş"
"227","SATICI-KASSİR","Maliyyə / Kassir","300 - 400 AZN","Bakı","20 - 40 yaş"
"228","FƏHLƏ","Xidmət / Fəhlə","400 - 500 AZN","Qaradağ","21 - 40 yaş"
"229","SATICI","Satış / Satış üzrə mütəxəssis","400 - 500 AZN","Bakı","18 - 25 yaş"
"230","SÜRÜCÜ","Xidmət / Sürücü","500 - 600 AZN","Qaradağ","21 - 40 yaş"
"231","SATIŞ MENECERİ","Satış / Satış üzrə mütəxəssis","400 - 600 AZN","Bakı","25 - 35 yaş"
"232","SATIŞ MƏSLƏHƏTÇİSİ","Satış / Satış üzrə mütəxəssis","300 - 500 AZN","Bakı","21 - 40 yaş"
"233","ELEKTRO-MEXANİK","Sənaye və kənd təsərrüfatı / Avtomatlaşdırılmış idarəetmə","800 - 1100 AZN","Bakı","25 - 40 yaş"
"234","TİBBİ NÜMAYƏNDƏ","Tibb və əczaçılıq / Tibb təmsilçisi","500 - 1500 AZN","Bakı","18 - 35 yaş"
"235","BEYNƏLXALQ ƏLAQƏLƏR ÜZRƏ MÜTƏXƏSSİS","İnzibati / Menecment","1200 - 1400 AZN","Bakı","23 - 35 yaş"
"236","MÜHASİB KÖMƏKÇİSİ","Maliyyə / Mühasibat","400 - 500 AZN","Bakı","22 - 35 yaş"
"237","SATIŞ NÜMAYƏNDƏSİ","Satış / Satış üzrə mütəxəssis","300 - 500 AZN","Bakı","25 - 35 yaş"
"238","SATIŞ TƏMSİLÇİSİ","Satış / Satış üzrə mütəxəssis","400 - 600 AZN","Bakı","18 - 40 yaş"
"239","SATICI KONSULTANT","Satış / Satış üzrə mütəxəssis","800 AZN","Bakı","20 - 30 yaş"
"240","SATICI","Satış / Satış üzrə mütəxəssis","400 - 500 AZN","Bakı","20 - 35 yaş"
"241","ANBARDAR","Xidmət / Anbardar","400 AZN","Bakı","18 - 30 yaş"
"242","KURYER","Xidmət / Digər","400 - 600 AZN","Bakı","25 - 45 yaş"
"243","PROMOUTER","Satış / Satış üzrə mütəxəssis","500 - 800 AZN","Bakı","24 - 34 yaş"
"244","OFİSİANT","Xidmət / Restoran işi","600 - 800 AZN","Bakı","19 - 28 yaş"
"245","BAŞ MÜHASİB","Maliyyə / Mühasibat","1000 - 1500 AZN","Bakı","25 - 40 yaş"
"246","İNGİLİS DİLİ MÜƏLLİMİ","Təhsil və elm / Digər","300 - 400 AZN","Bakı","20 - 55 yaş"
"247","KADRLAR ÜZRƏ MÜFƏTTİŞ","İnzibati / Heyətin idarəolunması","600 AZN","İmişli","25 - 50 yaş"
"248","TİBBİ NÜMAYƏNDƏ","Tibb və əczaçılıq / Tibb təmsilçisi","700 - 900 AZN","Bakı","24 - 40 yaş"
"249","MALYAR USTASI","Marketinq / Reklam","400 - 600 AZN","Bakı","22 - 50 yaş"
"250","MÜHASİB","Maliyyə / Mühasibat","500 - 800 AZN","Bakı","23 - 35 yaş"
"251","ÇAMAŞIRXANA İŞÇİSİ","Xidmət / Digər","400 - 500 AZN","Bakı","25 - 50 yaş"
"252","KATİBƏ","İnzibati / Katibə / Resepşn","300 - 400 AZN","Bakı","18 - 35 yaş"
"253","PRODUCT MANAGER","Tibb və əczaçılıq / Tibbi personal","1000 - 1500 AZN","Bakı","30 - 45 yaş"
"254","OPERATOR","İnzibati / İnzibati dəstək","500 - 800 AZN","Bakı","18 - 25 yaş"
"255","MÜHASİB","Maliyyə / Mühasibat","100 - 200 AZN","Bakı","18 - 35 yaş"
"256","F&B ÜZRƏ SATIŞ MÜTƏXƏSSİSİ","Satış / Satış üzrə mütəxəssis","600 - 800 AZN","Bakı","25 - 35 yaş"
"257","MƏHSUL ÜZRƏ MENECER","İnzibati / Menecment","300 - 500 AZN","Bakı","25 - 35 yaş"
"258","STOMATOLOJİ APTEK MÜDİRİ","Tibb və əczaçılıq / Tibb təmsilçisi","600 - 800 AZN","Bakı","25 - 35 yaş"
"259","TİBBİ NÜMAYƏNDƏ","Tibb və əczaçılıq / Tibb təmsilçisi","400 - 800 AZN","Bakı","26 - 45 yaş"
"260","SATICI","Satış / Satış üzrə mütəxəssis","300 - 400 AZN","Bakı","18 - 30 yaş"
"261","FEMALE SECURİTY GUARD","Xidmət / Mühafizə xidməti","700 - 800 AZN","Bakı","25 - 40 yaş"
"262","OPTİK TƏMSİLÇİ","Tibb və əczaçılıq / Tibb təmsilçisi","400 - 800 AZN","Bakı","25 - 40 yaş"
"263","MARKETİNQ VƏ SATIŞ MENECERİ","Marketinq / Marketinq menecment","1000 - 2000 AZN","Bakı","27 - 40 yaş"
"264","TİBBİ NÜMAYƏNDƏ","Tibb və əczaçılıq / Tibb təmsilçisi","600 - 800 AZN","Bakı","26 - 45 yaş"
"265","SÜRÜCÜ KÖMƏKÇİSİ","Xidmət / Kuryer","500 - 600 AZN","Bakı","18 - 40 yaş"
"266","KONTENT MENECER","Marketinq / Marketinq menecment","600 - 900 AZN","Bakı","25 - 40 yaş"
"267","QABLAŞDIRICI","Xidmət / Fəhlə","200 - 400 AZN","Bakı","23 - 50 yaş"
"268","ИНЖЕНЕР ПО ПРОДАЖАМ И СЕРВИСУ","Sənaye və kənd təsərrüfatı / Avtomatlaşdırılmış idarəetmə","800 - 1000 AZN","Bakı","22 - 48 yaş"
"269","FƏHLƏ","Xidmət / Fəhlə","400 AZN","Bakı","20 - 50 yaş"
"270","SATIŞ ÜZRƏ MÜTƏXƏSSİS ","Sənaye və kənd təsərrüfatı / Mühəndis","300 - 1200 AZN","Bakı","22 - 35 yaş"
"271","KURYER","Xidmət / Kuryer","300 - 500 AZN","Bakı","20 - 50 yaş"
"272","SOSİ̇AL MEDİ̇A ÜZRƏ MÜTƏXƏSSİ̇S","Marketinq / Reklam","600 AZN","Bakı","24 - 35 yaş"
"273","SATIŞ TƏMSİLÇİSİ","Satış / Satış üzrə mütəxəssis","400 - 500 AZN","Bakı","20 - 30 yaş"
"274","SATIŞ MENECERİ","Satış / Satış üzrə mütəxəssis","300 - 500 AZN","Bakı","21 - 40 yaş"
"275","SATIŞ ÜZRƏ MÜTƏXƏSSİS","Satış / Satış üzrə mütəxəssis","500 - 800 AZN","Bakı","20 - 40 yaş"
"276","UI/UX DİZAYNER","Dizayn / Veb-dizayn","500 - 800 AZN","Bakı","20 - 50 yaş"
"277","SATICI","Satış / Satış üzrə mütəxəssis","300 - 500 AZN","Bakı","20 - 40 yaş"
"278","İŞƏ QƏBUL ÜZRƏ ADMİNİSTRATOT","İnzibati / Menecment","500 AZN","Bakı","minimum 20 yaş"
"279","JUNİOR FRONT END PROQRAMÇI","Müxtəlif / Tələbələr üçün","100 AZN","Bakı","18 - 28 yaş"
"280","ÜZGÜÇÜ MÜƏLLİMİ","Təhsil və elm / Xüsusi təhsil/ Təlim","200 AZN","Bakı","25 - 40 yaş"
"281","HOSTES","Xidmət / Restoran işi","400 - 500 AZN","Bakı","20 - 30 yaş"
"282","SATIŞ NÜMAYƏNDƏSİ","Satış / Satış üzrə mütəxəssis","700 AZN","Bakı","23 - 37 yaş"
"283","INTERYER DİZAYNER","Dizayn / Memar / İnteryer dizaynı","500 AZN","Bakı","23 - 30 yaş"
"284","SATIŞ TƏMSİLÇİSİ","Satış / Satış üzrə mütəxəssis","400 - 500 AZN","Bakı","18 - 35 yaş"
"285","MÜHASİB KÖMƏKÇİSİ","Maliyyə / Mühasibat","400 AZN","Bakı","18 - 35 yaş"
"286"," SIĞORTA MÜTƏXƏSSİSİ","Maliyyə / Sığorta","400 - 500 AZN","Bakı","22 - 40 yaş"
"287","TİBBİ NÜMAYANDƏ","Tibb və əczaçılıq / Tibb təmsilçisi","600 AZN","Gəncə","23 - 45 yaş"
"288","STOMATOLOQ","Tibb və əczaçılıq / Həkim","500 - 600 AZN","Bakı","35 - 60 yaş"
"289","ÇAPÇI","Marketinq / Reklam","400 - 500 AZN","Bakı","20 - 30 yaş"
"290","ELEKTRİK-AVTOMATİKA","Sənaye və kənd təsərrüfatı / Digər","900 - 1000 AZN","Bakı","30 - 55 yaş"
"291","SÜRÜCÜ","Xidmət / Sürücü","600 - 700 AZN","Bakı","25 - 55 yaş"
"292","SATIŞ TƏMSİLÇİSİ","Satış / Satış üzrə mütəxəssis","400 - 600 AZN","Bakı","20 - 35 yaş"
"293","MERÇENDAYZER","Satış / Satış üzrə mütəxəssis","400 - 600 AZN","Bakı","21 - 35 yaş"
"294","RƏQS MÜƏLLİMİ","Təhsil və elm / Xüsusi təhsil/ Təlim","300 - 400 AZN","Bakı","23 - 45 yaş"
"295","ОПЕРАТОР","İnzibati / İnzibati dəstək","500 - 600 AZN","Bakı","20 - 35 yaş"
"296","TİBBİ NÜMAYƏNDƏ ","Tibb və əczaçılıq / Tibb təmsilçisi","500 - 1000 AZN","Bakı","21 - 30 yaş"
"297","ÇAPÇI","Marketinq / Reklam","500 - 700 AZN","Bakı","20 - 30 yaş"
"298","FİZİKA MÜƏLLİMƏSİ","Təhsil və elm / Xüsusi təhsil/ Təlim","200 - 400 AZN","Bakı","25 - 45 yaş"
"299","OPERATOR","İnzibati / İnzibati dəstək","400 - 600 AZN","Bakı","20 - 35 yaş"
"300","DƏRZİ","Dizayn / Digər","400 - 600 AZN","Bakı","25 - 45 yaş"
"301","RESEPŞN","İnzibati / Katibə / Resepşn","300 AZN","Bakı","18 - 23 yaş"
"302","ELEKTRİK MÜHƏNDİSİ","Sənaye və kənd təsərrüfatı / Mühəndis","1200 - 1300 AZN","Bakı","20 - 40 yaş"
"303","SÜRÜCÜ-KURYER","Xidmət / Sürücü","600 AZN","Bakı","18 - 35 yaş"
"304","SATIŞ MENECERİNİN KÖMƏKÇİSİ","Satış / Satış üzrə mütəxəssis","200 - 400 AZN","Bakı","18 - 25 yaş"
"305","İOS DEVELOPER ","İnformasiya texnologiyaları / Proqramlaşdırma","2500 - 3000 AZN","Bakı","25 - 40 yaş"
"306","MONTAJÇI","İnformasiya texnologiyaları / Digər","400 - 500 AZN","Bakı","22 - 35 yaş"
"307","SATIŞ ÜZRƏ MENECER","Satış / Satış üzrə mütəxəssis","1500 - 2000 AZN","Bakı","27 - 50 yaş"
"308","TİBBİ NÜMAYƏNDƏ","Tibb və əczaçılıq / Tibbi personal","500 - 1000 AZN","Bakı","25 - 40 yaş"
"309","MENECER","Tibb və əczaçılıq / Tibbi personal","1200 - 1600 AZN","Bakı","25 - 50 yaş"
"310","PİYADA KURYER","Xidmət / Kuryer","400 AZN","Bakı","20 - 35 yaş"
"311","PRODUKT MENECER","Tibb və əczaçılıq / Tibbi personal","1200 - 1800 AZN","Bakı","28 - 50 yaş"
"312","MERÇENDAYZER","Satış / Satış üzrə mütəxəssis","400 - 600 AZN","Bakı","20 - 35 yaş"
"313","IT TEXNİK","İnformasiya texnologiyaları / İT mütəxəssisi / məsləhətçi","400 - 500 AZN","Bakı","21 - 40 yaş"
"314","KEYFİYYƏTƏ NƏZARƏT ÜZRƏ KİÇİK MÜTƏXƏSSİS","İnformasiya texnologiyaları / Digər","500 - 600 AZN","Ucar","23 - 35 yaş"
"315","TOPOQRAF","Sənaye və kənd təsərrüfatı / Tikinti","1200 - 1400 AZN","Xaçmaz","25 - 65 yaş"
"316","QRAFİK DİZAYNER","Dizayn / Digər","400 - 500 AZN","Bakı","18 - 25 yaş"
"317","BAĞBAN","Xidmət / Digər","500 - 800 AZN","Bakı","40 - 45 yaş"
"318","SATIŞ TƏMSİLÇİSİ","Satış / Satış üzrə mütəxəssis","700 - 900 AZN","Naxçıvan","20 - 45 yaş"
"319","OPERATOR","İnformasiya texnologiyaları / Digər","300 - 500 AZN","Bakı","18 - 35 yaş"
"320","ELEKTRONİKA MÜTƏXƏSSİSİ","İnformasiya texnologiyaları / Texniki avadanlıq mütəxəssisi","500 - 1000 AZN","Bakı","22 - 50 yaş"
"321","KASSİR","Maliyyə / Kassir","400 AZN","Bakı","22 - 35 yaş"
"322","SATIŞ ÜZRƏ MÜTƏXƏSSİS","Satış / Satış üzrə mütəxəssis","800 AZN","Bakı","minimum 25 yaş"
"323","MÜHASİB KÖMƏKÇİSİ","Maliyyə / Mühasibat","500 AZN","Bakı","21 - 35 yaş"
"324","MAĞAZA ADMİNSTRATORU","Satış / Satış üzrə mütəxəssis","800 - 1200 AZN","Bakı","30 - 45 yaş"
"325","KATİBƏ ","İnzibati / Katibə / Resepşn","800 - 1000 AZN","Bakı","21 - 39 yaş"
"326","RESEPŞN","İnzibati / Katibə / Resepşn","300 - 400 AZN","Bakı","21 - 25 yaş"
"327","1C OPERATOR","Maliyyə / Mühasibat","400 - 500 AZN","Bakı","22 - 35 yaş"
"328","ANBARDAR","Xidmət / Anbardar","500 - 600 AZN","Bakı","25 - 40 yaş"
"329","SATICI","Satış / Satış üzrə mütəxəssis","300 - 400 AZN","Bakı","20 - 35 yaş"
"330","İCRAÇI DİREKTOR","Marketinq / Marketinq menecment","1000 - 1200 AZN","Bakı","27 - 35 yaş"
"331","DİREKTOR ASSİSTENTİ","İnzibati / Katibə / Resepşn","300 - 500 AZN","Bakı","18 - 30 yaş"
"332","SATICI","Satış / Satış üzrə mütəxəssis","400 - 500 AZN","Bakı","22 - 40 yaş"
"333","TƏCRÜBƏÇİ MÜHASİB","Maliyyə / Mühasibat","200 - 300 AZN","Bakı","21 - 30 yaş"
"334","SOSİAL MEDİA ÜZRƏ MÜTƏXƏSSİS","Marketinq / Marketinq menecment","400 - 600 AZN","Bakı","22 - 35 yaş"
"335","XƏZİNƏDAR","Maliyyə / Kassir","400 - 500 AZN","Bakı","20 - 35 yaş"
"336","SATIŞ ÜZRƏ MÜTƏXƏSSİS","Satış / Satış üzrə mütəxəssis","800 AZN","Bakı","25 - 35 yaş"
"337","OFİSİANT","Xidmət / Restoran işi","400 AZN","Bakı","18 - 30 yaş"
"338","MÜHASİB KÖMƏKÇİSİ","Maliyyə / Mühasibat","400 - 500 AZN","Bakı","25 - 35 yaş"
"339","SATICI","Satış / Satış üzrə mütəxəssis","300 AZN","Bakı","23 - 28 yaş"
"340","EKSPEDİTOR","Satış / Satış üzrə mütəxəssis","700 - 900 AZN","Bakı","23 - 35 yaş"
"341","RESTORAN ADMİNSTRATOR","Xidmət / Restoran işi","1500 - 1800 AZN","Bakı","30 - 45 yaş"
"342","SATICI","Satış / Satış üzrə mütəxəssis","500 - 600 AZN","Bakı","20 - 35 yaş"
"343","TƏMİZLİKÇİ","Xidmət / Xadimə","400 AZN","Bakı","30 - 55 yaş"
"344","TUR MENECERİ","Xidmət / Turizm və mehmanxana işi","500 - 800 AZN","Bakı","22 - 27 yaş"
"345","OFİSİANT","Xidmət / Restoran işi","400 - 500 AZN","Bakı","18 - 35 yaş"
"346","MÜHASİB","Maliyyə / Mühasibat","400 - 600 AZN","Bakı","23 - 35 yaş"
"347","SƏDRİN KÖMƏKÇİSİ","İnzibati / Digər","500 - 700 AZN","Şabran","22 - 35 yaş"
"348","KATİBƏ","İnzibati / Katibə / Resepşn","400 - 600 AZN","Bakı","19 - 25 yaş"
"349","INGİLİS DİLİ MÜƏLLİMİ","Təhsil və elm / Repetitor","500 - 800 AZN","Bakı","21 - 30 yaş"
"350","TUR MENECERİ","Xidmət / Turizm və mehmanxana işi","500 - 800 AZN","Bakı","20 - 25 yaş"
"351","KORPORATİV SATIŞ MÜTƏXƏSSİSİ ","Marketinq / Reklam","400 - 500 AZN","Bakı","23 - 35 yaş"
"352","TERMİST","Sənaye və kənd təsərrüfatı / Digər","700 - 800 AZN","Bakı","30 - 50 yaş"
"353","SATIŞ ÜZRƏ MÜTƏXƏSSİS","Satış / Satış üzrə mütəxəssis","500 - 700 AZN","Bakı","20 - 50 yaş"
"354","ОПЕРАТОР CALL-ЦЕНТРА","İnzibati / İnzibati dəstək","300 - 400 AZN","Bakı","20 - 35 yaş"
"355","MÜHAFİZƏÇİ","Xidmət / Mühafizə xidməti","300 - 400 AZN","Bakı","20 - 35 yaş"
"356","SATIŞ MENECERİ","Satış / Satış üzrə mütəxəssis","400 - 600 AZN","Sumqayıt","22 - 30 yaş"
"357","HOSTES","Xidmət / Restoran işi","600 - 800 AZN","Bakı","19 - 33 yaş"
"358","KOPİRAYTER","Marketinq / Kopiraytinq","700 - 1000 AZN","Bakı","18 - 35 yaş"
"359","MOTO KURYER","Xidmət / Kuryer","600 AZN","Bakı","20 - 40 yaş"
"360","XADİMƏ","Xidmət / Xadimə","300 AZN","Bakı","30 - 45 yaş"
"361","GÖMRÜK BƏYANNAMƏLƏRİ ÜZRƏ MÜTƏXƏSSİS","Maliyyə / Digər","1000 AZN","Bakı","20 - 30 yaş"
"362","OPTİKA ÜZRƏ TİBBİ NÜMAYƏNDƏ","Tibb və əczaçılıq / Tibb təmsilçisi","500 - 1000 AZN","Bakı","22 - 35 yaş"
"363","OPTİKA MƏSLƏHƏTÇİSİ","Tibb və əczaçılıq / Tibbi personal","400 - 700 AZN","Bakı","21 - 45 yaş"
"364","YIĞIM OPERATORU","Xidmət / Anbardar","300 AZN","Bakı","20 - 25 yaş"
"365","KASSİR-MƏSLƏHƏTÇİ","Xidmət / Restoran işi","500 - 600 AZN","Bakı","18 - 27 yaş"
"366","MENECER","Tibb və əczaçılıq / Tibbi personal","500 - 1000 AZN","Bakı","28 - 45 yaş"
"367","QRAFİK DİZAYNER","Dizayn / Digər","300 - 500 AZN","Bakı","20 - 35 yaş"
"368","MARKETİNQ MENECERİ","Marketinq / Marketinq menecment","800 - 1000 AZN","Bakı","23 - 45 yaş"
"369","SÜRÜCÜ-TƏSLİMATÇI","Xidmət / Sürücü","400 - 600 AZN","Bakı","20 - 40 yaş"
"370","SATIŞ TƏMSİLÇİSİ","Satış / Satış üzrə mütəxəssis","200 - 300 AZN","Bakı","25 - 40 yaş"
"371","FƏHLƏ","Xidmət / Digər","300 - 400 AZN","Bakı","20 - 35 yaş"
"372","MERÇENDAYZER","Satış / Satış üzrə mütəxəssis","400 - 600 AZN","Bakı","20 - 35 yaş"
"373","MÜHASİB","Maliyyə / Mühasibat","800 - 1000 AZN","Bakı","25 - 40 yaş"
"374","МЕНЕДЖЕР ПО ПРОДАЖАМ","Satış / Satış üzrə mütəxəssis","500 - 800 AZN","Bakı","24 - 35 yaş"
"375","SATIŞ VƏ MARKETİNQ ŞÖBƏSİNİN MÜDİRİ","İnzibati / Heyətin idarəolunması","1000 AZN","Bakı","25 - 50 yaş"
"376","SATIŞ ÜZRƏ MÜTƏXƏSSİS","Satış / Satış üzrə mütəxəssis","500 - 600 AZN","Bakı","22 - 45 yaş"
"377","KOPİRAYTER","Marketinq / Kopiraytinq","300 - 400 AZN","Bakı","20 - 26 yaş"
"378","RUS DİLİ MÜƏLLİMİ","Təhsil və elm / Xüsusi təhsil/ Təlim","300 - 500 AZN","Bakı","21 - 45 yaş"
"379","ALMAN DİLİ MÜƏLLİMİ","Təhsil və elm / Xüsusi təhsil/ Təlim","300 - 500 AZN","Bakı","21 - 40 yaş"
"380","KİÇİK VƏ ORTA BİZNES KREDİTLƏRİ ÜZRƏ MÜTƏXƏSSİS","Maliyyə / Kredit mütəxəssisi","1000 - 1500 AZN","Bakı","25 - 35 yaş"
"381","MÜHASİB","Maliyyə / Mühasibat","500 - 600 AZN","Bakı","30 - 50 yaş"
"382","ANBARDAR","Xidmət / Anbardar","300 - 400 AZN","Bakı","20 - 45 yaş"
"383","OFİS MENECERİ ","Satış / Satış üzrə mütəxəssis","400 AZN","Bakı","25 - 35 yaş"
"384","MAĞAZA MENECERİ","İnzibati / Menecment","700 - 800 AZN","Bakı","25 - 35 yaş"
"385","ПРОДАВЕЦ-КОНСУЛЬТАНТ ПО КАТЕГОРИЯМ ТОВАРОВ ","Satış / Satış üzrə mütəxəssis","500 - 700 AZN","Bakı","21 - 30 yaş"
"386","SÜRÜCÜ","Xidmət / Sürücü","400 - 600 AZN","Bakı","25 - 40 yaş"
"387","SOSİAL MEDİA MENECERİ","İnzibati / Menecment","400 AZN","Bakı","20 - 30 yaş"
"388","SATIŞ MƏSLƏHƏTÇİSİ","Satış / Satış üzrə mütəxəssis","300 - 400 AZN","Bakı","18 - 25 yaş"
"389","KATİBƏ-REFERENT","Sənaye və kənd təsərrüfatı / Geologiya və ətraf mühit","400 - 500 AZN","Bakı","22 - 35 yaş"
"390","MÜHASİB KÖMƏKÇİSİ","Maliyyə / Mühasibat","400 - 600 AZN","Bakı","20 - 30 yaş"
"391","KORPORATİV SATIŞ MÜTƏXƏSSİSİ","Satış / Satış üzrə mütəxəssis","400 - 600 AZN","Bakı","22 - 35 yaş"
"392","ХОСТЕСС","Xidmət / Restoran işi","500 AZN","Bakı","20 - 30 yaş"
"393","SATIŞ MENECERİ","Satış / Satış üzrə mütəxəssis","300 - 500 AZN","Bakı","18 - 30 yaş"
"394","VELO KURYER","Xidmət / Kuryer","300 - 500 AZN","Bakı","22 - 35 yaş"
"395","ƏCZAÇI","Tibb və əczaçılıq / Tibbi personal","300 - 500 AZN","Bakı","23 - 45 yaş"
"396","XADİMƏ","Xidmət / Xadimə","400 AZN","Bakı","18 - 50 yaş"
"397","MÜHASİB","Maliyyə / Mühasibat","300 - 500 AZN","Bakı","18 - 40 yaş"
"398","MÜŞTƏRİ XİDMƏTLƏRİ TƏMSİLÇİSİ","Xidmət / Digər","300 - 500 AZN","Bakı","18 - 26 yaş"
"399","RESEPŞN","İnzibati / Katibə / Resepşn","400 - 600 AZN","Bakı","20 - 35 yaş"
"400","ОФИЦИАНТ","Xidmət / Restoran işi","300 - 400 AZN","Bakı","18 - 26 yaş"
"401","KASSİR","Maliyyə / Kassir","300 - 400 AZN","Bakı","18 - 35 yaş"
"402","TUR MENECER","Xidmət / Turizm və mehmanxana işi","300 - 500 AZN","Bakı","21 - 30 yaş"
"403","DİZAYNER","Dizayn / Memar / İnteryer dizaynı","800 - 1000 AZN","Bakı","25 - 50 yaş"
"404","MÜHASİB","Maliyyə / Mühasibat","800 - 1000 AZN","Bakı","25 - 40 yaş"
"405","BİZNES PROSESLƏRİNİN İDARƏEDİLMƏSİ DEPARTAMENTİNDƏ ANALİTİK","Maliyyə / Maliyyə analiz","600 - 800 AZN","Bakı","25 - 35 yaş"
"406","TİBBİ NÜMAYƏNDƏ","Tibb və əczaçılıq / Tibbi personal","400 - 600 AZN","Bakı","24 - 45 yaş"
"407","BÖLGƏ MÜDİRİ","Satış / Satış üzrə mütəxəssis","1000 - 1500 AZN","Bakı","25 - 40 yaş"
"408","SATIŞ MƏSLƏHƏTÇİSİ","Satış / Satış üzrə mütəxəssis","300 - 2000 AZN","Bakı","19 - 35 yaş"
"409","SÜRÜCÜ-EKSPEDİTOR","Xidmət / Sürücü","400 - 600 AZN","Bakı","24 - 40 yaş"
"410","SÜRÜCÜ","Xidmət / Sürücü","500 - 800 AZN","Bakı","25 - 50 yaş"
"411","SATICI","Satış / Satış üzrə mütəxəssis","300 - 400 AZN","Bakı","18 - 40 yaş"
"412","XADİMƏ","Xidmət / Xadimə","200 - 400 AZN","Bakı","20 - 45 yaş"
"413","SATIŞ TƏMSİLÇİSİ","Satış / Satış üzrə mütəxəssis","300 - 400 AZN","Bakı","18 - 35 yaş"
"414","PROQRAMÇI","İnformasiya texnologiyaları / Proqramlaşdırma","500 - 700 AZN","Bakı","20 - 30 yaş"
"415","FİNANCE SPECİALİST","Maliyyə / Maliyyə analiz","500 AZN","Bakı","23 - 45 yaş"
"416","SATIŞ MƏSLƏHƏTÇİSİ","Satış / Satış üzrə mütəxəssis","300 - 400 AZN","Bakı","18 - 45 yaş"
"417","MEXANİKA ÜZRƏ MÜHƏNDİS ","Sənaye və kənd təsərrüfatı / Mühəndis","1200 - 1300 AZN","Bakı","21 - 40 yaş"
"418","SATIŞ MÜTƏXƏSSİSİ","Maliyyə / Sığorta","200 - 500 AZN","Bakı","21 - 45 yaş"
"419","OPERATOR","Maliyyə / Sığorta","300 - 400 AZN","Bakı","22 - 42 yaş"
"420","TƏMİZLİKÇİ","Xidmət / Xadimə","100 - 300 AZN","Bakı","35 - 45 yaş"
"421","OPERATOR","İnzibati / İnzibati dəstək","300 - 500 AZN","Bakı","19 - 27 yaş"
"422","MÜŞTƏRİ XİDMƏTLƏRİ ÜZRƏ TƏMSİLÇİ","Təhsil və elm / Digər","300 AZN","Bakı","21 - 30 yaş"
"423","MAGAZALARIN İDARƏ OLUNMASİ ÜZRƏ KOORDİNATOR","İnzibati / Heyətin idarəolunması","600 - 800 AZN","Bakı","26 - 40 yaş"
"424","SATIŞ ÜZRƏ MÜTƏXƏSSİS","Satış / Satış üzrə mütəxəssis","400 - 500 AZN","Bakı","22 - 30 yaş"
"425","PARTNYORLARLA İŞ ÜZRƏ MÜTƏXƏSSİS","Satış / Satış üzrə mütəxəssis","600 - 800 AZN","Bakı","23 - 40 yaş"
"426","ANBARDAR","Xidmət / Anbardar","700 - 800 AZN","Bakı","25 - 40 yaş"
"427","TİBB BACISI","Tibb və əczaçılıq / Tibbi personal","400 - 500 AZN","Bakı","19 - 35 yaş"
"428","PRODUKT MENECER","Tibb və əczaçılıq / Tibb təmsilçisi","1800 - 2200 AZN","Bakı","28 - 40 yaş"
"429","MEBEL KƏSİMÇİSİ MİŞARÇI","Sənaye və kənd təsərrüfatı / Digər","700 - 1000 AZN","Bakı","24 - 40 yaş"
"430","ELEKTRİK","Xidmət / Digər","800 AZN","Bakı","22 - 40 yaş"
"431","SOSİAL MEDİA ÜZRƏ MÜTƏXƏSSİS","Marketinq / Marketinq menecment","300 - 500 AZN","Bakı","23 - 30 yaş"
"432","SATIŞ ASİSTENTİ ","Satış / Satış üzrə mütəxəssis","500 - 600 AZN","Bakı","24 - 30 yaş"
"433","SATIŞ MƏSLƏHƏTÇİSİ","Satış / Satış üzrə mütəxəssis","300 - 400 AZN","Cəlilabad","22 - 40 yaş"
"434","XADİMƏ","Xidmət / Xadimə","500 - 600 AZN","Bakı","28 - 40 yaş"
"435","SATIŞ TƏMSİLÇİSİ","Satış / Satış üzrə mütəxəssis","400 - 500 AZN","Gəncə","22 - 32 yaş"
"436","TİBBİ NÜMAYƏNDƏ","Tibb və əczaçılıq / Tibbi personal","500 - 600 AZN","Bakı","20 - 40 yaş"
"437","SATIŞ TƏMSİLÇİSİ","Marketinq / İctimayətlə əlaqələr","400 - 600 AZN","Bakı","20 - 40 yaş"
"438","ANBARDAR","Xidmət / Anbardar","300 - 400 AZN","Bakı","20 - 40 yaş"
"439","MEMAR","Dizayn / Memar / İnteryer dizaynı","500 - 1000 AZN","Bakı","20 - 40 yaş"
"440","SATICI","Satış / Satış üzrə mütəxəssis","300 - 400 AZN","Bakı","18 - 40 yaş"
"441","SMM MENECERİ","Marketinq / Reklam","500 - 800 AZN","Bakı","22 - 29 yaş"
"442","ДИЗАЙНЕР ВИЗУАЛИЗАТОР ","Dizayn / Memar / İnteryer dizaynı","1500 - 2000 AZN","Bakı","25 - 50 yaş"
"443","ƏCZAÇI","Tibb və əczaçılıq / Tibbi personal","300 - 400 AZN","Bakı","20 - 40 yaş"
"444","KASSİR","Maliyyə / Digər","400 - 500 AZN","Bakı","23 - 30 yaş"
"445","REKLAM USTASI","Marketinq / Reklam","500 - 700 AZN","Bakı","25 - 40 yaş"
"446","REACT PROQRAMÇI","İnformasiya texnologiyaları / Proqramlaşdırma","1200 - 1500 AZN","Bakı","18 - 35 yaş"
"447","ОПЕРАТОР CALL-ЦЕНТРА","İnformasiya texnologiyaları / Digər","400 - 500 AZN","Bakı","19 - 30 yaş"
"448","CRM MÜTƏXƏSSİSİ","Marketinq / Marketinq menecment","500 AZN","Bakı","20 - 35 yaş"
"449","KADRLAR ÜZRƏ MÜTƏXƏSSİS","İnzibati / Digər","800 AZN","Bakı","23 - 35 yaş"
"450","ONLİNE SATIŞ ÜZRƏ MARKETİNQ MÜTƏXƏSSİSİ","Marketinq / Marketinq menecment","500 AZN","Bakı","20 - 35 yaş"
"451","BAŞ MÜHASİB","Maliyyə / Mühasibat","2000 - 2500 AZN","Bakı","27 - 40 yaş"
"452","АГЕНТ ПО ИНТЕГРАЦИИ И ОБСЛУЖИВАНИЮ ПАРТНЕРОВ","İnformasiya texnologiyaları / İT layihələrin idarə edilməsi","300 - 500 AZN","Bakı","21 - 30 yaş"
"453","QRAFİK DİZAYNER","Dizayn / Veb-dizayn","300 - 400 AZN","Bakı","18 - 25 yaş"
"454","MÜŞTƏRİ MENECERİ","İnzibati / Digər","700 - 900 AZN","Bakı","24 - 38 yaş"
"455","SATICI","Satış / Satış üzrə mütəxəssis","300 - 400 AZN","Bakı","19 - 35 yaş"
"456","RİELTOR","Satış / Daşınmaz əmlak agenti / makler","1000 - 1500 AZN","Bakı","25 - 35 yaş"
"457","MÜHASİB KÖMƏKÇİSİ","Maliyyə / Mühasibat","700 - 1300 AZN","Bakı","20 - 50 yaş"
"458","AĞILLI EV SİSTEMLƏRİ ÜZRƏ MÜHƏNDİS","Sənaye və kənd təsərrüfatı / Digər","100 AZN","Bakı","20 - 28 yaş"
"459","SÜRÜCÜ","Xidmət / Sürücü","600 - 800 AZN","Bakı","25 - 55 yaş"
"460","FƏHLƏ","Xidmət / Fəhlə","400 AZN","Xırdalan","20 - 35 yaş"
"461","FƏHLƏ","Xidmət / Fəhlə","400 - 500 AZN","Bakı","20 - 30 yaş"
"462","SIĞORTA ÜZRƏ SATIŞ TƏMSİLÇİSİ","Maliyyə / Sığorta","200 - 300 AZN","Bakı","20 - 45 yaş"
"463","MAGİSTRATURA ŞÖBƏSİNİN BAŞ MÜTƏXƏSSİSİ","İnzibati / İnzibati dəstək","400 - 500 AZN","Bakı","25 - 45 yaş"
"464","SMM MENECER","Marketinq / Marketinq menecment","400 - 500 AZN","Bakı","23 - 35 yaş"
"465","SATICI-KASSİR","Maliyyə / Kassir","400 - 500 AZN","Bakı","20 - 35 yaş"
"466","ВРАЧ-КОСМЕТОЛОГ","Tibb və əczaçılıq / Həkim","700 - 1000 AZN","Bakı","23 - 35 yaş"
"467","FREELANCE MÜHASİB","Maliyyə / Mühasibat","400 - 600 AZN","Bakı","18 - 40 yaş"
"468","TUR MENECER","Xidmət / Turizm və mehmanxana işi","400 - 600 AZN","Bakı","22 - 30 yaş"
"469","SATIŞ TƏMSİLÇİSİ","Satış / Satış üzrə mütəxəssis","200 - 400 AZN","Bakı","22 - 55 yaş"
"470","SATIŞ ÜZRƏ MÜTƏXƏSSİS","Satış / Satış üzrə mütəxəssis","600 - 800 AZN","Bakı","25 - 35 yaş"
"471","SATIŞ MENECERİ","Satış / Satış üzrə mütəxəssis","500 - 800 AZN","Bakı","25 - 35 yaş"
"472","MENECER","İnzibati / Menecment","500 AZN","Xırdalan","26 - 45 yaş"
"473","HR TƏCRÜBƏÇİ","İnzibati / Heyətin idarəolunması","100 AZN","Bakı","22 - 26 yaş"
"474","CALL CENTER OPERATOR","İnzibati / İnzibati dəstək","400 - 1000 AZN","Bakı","22 - 32 yaş"
"475","1C OPERATOR ","Maliyyə / Mühasibat","400 - 700 AZN","Bakı","22 - 33 yaş"
"476","1C ÜZRƏ SATİŞA NƏZARƏT ADMİNSTRATORU","İnzibati / Heyətin idarəolunması","700 - 1500 AZN","Bakı","20 - 50 yaş"
"477","PRODUKT MENECER ","Tibb və əczaçılıq / Tibb təmsilçisi","1000 - 1200 AZN","Bakı","28 - 40 yaş"
"478","SATIŞ KOORDİNATORU","Satış / Satış üzrə mütəxəssis","500 - 700 AZN","Bakı","25 - 40 yaş"
"479","PRODUKT MENECER","Tibb və əczaçılıq / Tibbi personal","1000 - 1200 AZN","Bakı","28 - 40 yaş"
"480","SATIŞ KOORDİNATORU","Satış / Satış üzrə mütəxəssis","500 - 700 AZN","Bakı","25 - 40 yaş"
"481","SATIŞ TƏMSİLÇİSİ","Satış / Satış üzrə mütəxəssis","300 - 400 AZN","Bakı","20 - 30 yaş"
"482","ANBARDAR","Xidmət / Anbardar","300 - 400 AZN","Bakı","25 - 35 yaş"
"483","SATIŞ ÜZRƏ MÜTƏXƏSSİS","Satış / Satış üzrə mütəxəssis","500 - 700 AZN","Bakı","25 - 35 yaş"
"484","OPERATOR ","İnzibati / İnzibati dəstək","200 - 300 AZN","Bakı","19 - 40 yaş"
"485","SIĞORTA KOORDİNATORU","Tibb və əczaçılıq / Həkim","600 - 700 AZN","Bakı","30 - 45 yaş"
"486","KATİBƏ-REFERENT","İnzibati / Ofis menecmenti","—","Bakı","25 - 35 yaş"
"487","ДИЗАЙНЕР","Dizayn / Digər","500 - 800 AZN","Bakı","18 - 40 yaş"
"488","KURYER ","Xidmət / Kuryer","300 - 400 AZN","Bakı","18 - 50 yaş"
"489","SÜRÜCÜ","Xidmət / Sürücü","—","Bakı","35 - 55 yaş"
"490","PHP PROQRAMÇI","İnformasiya texnologiyaları / Proqramlaşdırma","700 - 1100 AZN","Bakı","21 - 35 yaş"
"491","ÇAYÇI","Xidmət / Digər","300 - 400 AZN","Bakı","24 - 40 yaş"
"492","SATIŞ MÜTƏXƏSSİSİ","Satış / Satış üzrə mütəxəssis","400 AZN","Bakı","minimum 20 yaş"
"493","OFFİCE ADMİNİSTRATOR ","İnzibati / Digər","400 - 500 AZN","Bakı","20 - 30 yaş"
"494","PROCUREMENT ENGİNEER ","Hüquqşünaslıq / Vəkil","400 - 700 AZN","Bakı","20 - 30 yaş"
"495","SATIŞ TƏMSİLÇİSİ","Satış / Satış üzrə mütəxəssis","300 AZN","Bakı","18 - 25 yaş"
"496","BAŞ MÜHASİB","Maliyyə / Mühasibat","1000 - 1500 AZN","Bakı","30 - 55 yaş"
"497","1C OPERATORU","Maliyyə / Digər","300 - 500 AZN","Bakı","22 - 36 yaş"
"498","MÜHASİB KÖMƏKÇİSİ","Maliyyə / Mühasibat","500 AZN","Bakı","25 - 35 yaş"
"499","QRAFİK DİZAYNER - TƏCRÜBƏÇİ","Dizayn / Digər","100 - 200 AZN","Bakı","18 - 25 yaş"
"500","SATIŞ MENECERİ","Marketinq / Reklam","500 AZN","Bakı","23 - 35 yaş"
"501","UI/UX DİZAYNER - TƏCRÜBƏÇİ","Dizayn / Veb-dizayn","100 - 200 AZN","Bakı","18 - 25 yaş"
"502","SATIŞ TƏMSİLÇİSİ","Satış / Satış üzrə mütəxəssis","500 AZN","Bakı","minimum 25 yaş"
"503","BARMEN KÖMƏKÇİSİ","Xidmət / Restoran işi","300 AZN","Bakı","18 - 35 yaş"
"504","TƏMİZLİK İŞÇİSİ","Xidmət / Xadimə","400 AZN","Bakı","20 - 40 yaş"
"505","RİELTOR","Satış / Daşınmaz əmlak agenti / makler","400 - 2000 AZN","Bakı","22 - 45 yaş"
"506","PROBLEMLİ KREDİTLƏR ÜZRƏ MÜTƏXƏSSİS","Maliyyə / Bank xidməti","400 AZN","Bakı","25 - 35 yaş"
"507","RESEPŞN","İnzibati / Katibə / Resepşn","400 - 500 AZN","Bakı","18 - 30 yaş"
"508","MERÇENDAYZER","Satış / Satış üzrə mütəxəssis","400 - 500 AZN","Bakı","18 - 30 yaş"
"509","İT MÜTƏXƏSSİSİ","İnformasiya texnologiyaları / İT mütəxəssisi / məsləhətçi","—","Bakı","25 - 35 yaş"
"510","ANBAR İŞÇİSİ","Xidmət / Digər","500 AZN","Bakı","20 - 35 yaş"
"511","FƏHLƏ","Xidmət / Fəhlə","400 - 500 AZN","Bakı","18 - 35 yaş"
"512","SATIŞ TƏMSİLÇİSİ","Satış / Satış üzrə mütəxəssis","300 - 500 AZN","Bakı","20 - 35 yaş"
"513","İR DEPARTAMENTİNƏ 1C PROQRAMI ÜZRƏ MÜTƏXƏSSİS","İnzibati / Digər","500 - 700 AZN","Bakı","21 - 35 yaş"
"514","OFİS MENECERİ ","İnzibati / Ofis menecmenti","400 - 500 AZN","Bakı","18 - 25 yaş"
"515","FƏAL APTEK MÜDİRİ","Tibb və əczaçılıq / Tibbi personal","700 - 1200 AZN","Bakı","32 - 45 yaş"
"516","KATİBƏ-RESEPŞN","İnzibati / Katibə / Resepşn","400 AZN","Bakı","18 - 40 yaş"
"517","KOSMETOLOQ","Tibb və əczaçılıq / Tibbi personal","400 - 500 AZN","Bakı","30 - 40 yaş"
"518","TƏLİMÇİ","Tibb və əczaçılıq / Tibbi personal","300 - 500 AZN","Bakı","25 - 35 yaş"
"519","SATICI","Satış / Satış üzrə mütəxəssis","500 - 700 AZN","Bakı","20 - 32 yaş"
"520","GƏLMƏ TURİZM MENECERİ","Xidmət / Turizm və mehmanxana işi","300 - 700 AZN","Bakı","22 - 30 yaş"
"521","SATIŞ NÜMAYƏNDƏSİ","Satış / Satış üzrə mütəxəssis","700 - 2000 AZN","Bakı","25 - 40 yaş"
"522","SATIŞ NÜMAYƏNDƏSİ","Satış / Satış üzrə mütəxəssis","800 - 1100 AZN","Gəncə","25 - 40 yaş"
"523","DÖNƏRÇİ","Xidmət / Restoran işi","600 - 700 AZN","Bakı","18 - 39 yaş"
"524","SATIŞ MENECERİ","Satış / Satış üzrə mütəxəssis","500 - 1500 AZN","Bakı","28 - 45 yaş"
"525","MÜHASİB","Maliyyə / Mühasibat","500 - 600 AZN","Bakı","25 - 40 yaş"
"526","ПРОДАВЕЦ-КОНСУЛЬТАНТ","Satış / Satış üzrə mütəxəssis","400 - 500 AZN","Bakı","20 - 30 yaş"
"527","TƏÇHİZATÇI","Xidmət / Digər","600 - 800 AZN","Bakı","25 - 40 yaş"
"528","SATIŞ TƏMSİLÇİSİ","Satış / Satış üzrə mütəxəssis","300 - 500 AZN","Bakı","24 - 34 yaş"
"529","YOL TİKİNTİSİ ÜZRƏ MÜHƏNDİS","Sənaye və kənd təsərrüfatı / Tikinti","1300 - 1600 AZN","Bakı","25 - 50 yaş"
"530","TƏCRÜBƏÇİ TEXNİKİ MÜTƏXƏSSİS","İnformasiya texnologiyaları / Texniki avadanlıq mütəxəssisi","300 - 500 AZN","Bakı","20 - 30 yaş"
"531","USTA","Xidmət / Digər","700 - 800 AZN","Bakı","23 - 40 yaş"
"532","ANGULAR PROQRAMÇI","İnformasiya texnologiyaları / Proqramlaşdırma","1500 - 2000 AZN","Bakı","23 - 45 yaş"
"533","Bİ̇ZNES ANALİ̇Tİ̇KA ÜZRƏ APARİCİ MÜTƏXƏSSİ̇S","İnformasiya texnologiyaları / Proqramlaşdırma","2000 - 2500 AZN","Bakı","24 - 45 yaş"
"534","ПРЕПОДАВАТЕЛЬ АНГЛИЙСКОГО ЯЗЫКА","Təhsil və elm / Repetitor","500 - 800 AZN","Bakı","25 - 35 yaş"
"535","İT HELP DESK ","İnformasiya texnologiyaları / Texniki avadanlıq mütəxəssisi","500 AZN","Bakı","20 - 28 yaş"
"536","1C OPERATOR ","Maliyyə / Mühasibat","100 AZN","Bakı","18 - 28 yaş"
"537","OFİS MENECERİ ","İnzibati / Digər","300 - 400 AZN","Bakı","21 - 35 yaş"
"538","EKSPEDİTOR","Satış / Satış üzrə mütəxəssis","1000 AZN","Bakı","30 - 41 yaş"
"539","BÖLGƏ MÜDİRİ","Satış / Satış üzrə mütəxəssis","1000 - 1500 AZN","Bakı","35 - 45 yaş"
"540"," SATIŞ KOORDİNATORU","Satış / Satış üzrə mütəxəssis","1000 - 1200 AZN","Bakı","25 - 35 yaş"
"541","ПРОДАВЕЦ-КОНСУЛЬТАНТ","Satış / Satış üzrə mütəxəssis","300 - 500 AZN","Bakı","22 - 33 yaş"
"542","EKSPEDİTOR","Satış / Satış üzrə mütəxəssis","1800 - 2000 AZN","Bakı","25 - 45 yaş"
"543","HVAC SAHƏ MÜHƏNDİSİ","Sənaye və kənd təsərrüfatı / Mühəndis","1500 - 2000 AZN","Bakı","25 - 40 yaş"
"544","TURİZM ÜZRƏ MÜTƏXƏSSİS","Təhsil və elm / Digər","400 - 600 AZN","Bakı","21 - 35 yaş"
"545","SMM MENECER","Marketinq / Marketinq menecment","500 - 800 AZN","Bakı","23 - 35 yaş"
"546","PORTER","Xidmət / Fəhlə","200 - 300 AZN","Bakı","20 - 35 yaş"
"547","MÜHASİB","Maliyyə / Mühasibat","700 - 800 AZN","Bakı","25 - 37 yaş"
"548","OFİS MENECERİ ","İnzibati / Ofis menecmenti","400 AZN","Bakı","21 - 30 yaş"
"549","STASİONAR TİBB BACISI","Tibb və əczaçılıq / Tibbi personal","400 - 500 AZN","Bakı","22 - 45 yaş"
"550","TİBBİ NÜMAYƏNDƏ","Tibb və əczaçılıq / Tibb təmsilçisi","500 - 700 AZN","Bakı","22 - 35 yaş"
"551","OFİS MENECERİ ","İnzibati / Ofis menecmenti","500 - 600 AZN","Bakı","20 - 28 yaş"
"552","MÜHAFİZƏÇİ","Xidmət / Mühafizə xidməti","300 - 400 AZN","Bakı","20 - 45 yaş"
"553","SATINALMA ÜZRƏ KÖMƏKÇİ","İnzibati / Digər","400 - 500 AZN","Bakı","20 - 25 yaş"
"554","МЕНЕДЖЕР ПО КОРПОРАТИВНЫМ ПРОДАЖАМ","Marketinq / Marketinq menecment","700 AZN","Bakı","25 - 35 yaş"
"555","AGENT-RİEALTOR","Satış / Daşınmaz əmlak agenti / makler","800 - 1000 AZN","Bakı","25 - 40 yaş"
"556","İNGİLİS DİLİ MÜƏLLİMİ","Təhsil və elm / Xüsusi təhsil/ Təlim","600 - 800 AZN","Bakı","22 - 50 yaş"
"557","QRAFİK DİZAYNER","Marketinq / Reklam","700 - 1000 AZN","Bakı","22 - 32 yaş"
"558","DEFEKTOSKOPÇU MÜHƏNDİS","Sənaye və kənd təsərrüfatı / Mühəndis","800 - 1100 AZN","Bakı","minimum 30 yaş"
"559","OFİSİANT","Xidmət / Restoran işi","300 - 400 AZN","Bakı","18 - 35 yaş"
"560","PİZZAÇI","Xidmət / Restoran işi","400 - 500 AZN","Bakı","18 - 35 yaş"
"561","ПРОДАВЕЦ-КОНСУЛЬТАНТ","Satış / Satış üzrə mütəxəssis","300 - 400 AZN","Sumqayıt","20 - 30 yaş"
"562","MÜHASİB ","Maliyyə / Mühasibat","600 - 900 AZN","Bakı","20 - 33 yaş"
"563","KORPORATİV SATIŞ ÜZRƏ MENECER","Satış / Satış üzrə mütəxəssis","400 - 1000 AZN","Bakı","25 - 35 yaş"
"564","KREDİT ÜZRƏ TƏCRÜBƏÇİ","Maliyyə / Kredit mütəxəssisi","300 - 400 AZN","Bakı","23 - 30 yaş"
"565","OPTİK TƏMSİLÇİ","Satış / Satış üzrə mütəxəssis","500 - 1000 AZN","Bakı","25 - 40 yaş"
"566","EKSPEDİTOR","Satış / Satış üzrə mütəxəssis","600 - 900 AZN","Bakı","20 - 40 yaş"
"567","MÜHASİB-OPERATOR","Maliyyə / Mühasibat","400 - 500 AZN","Bakı","22 - 40 yaş"
"568","RİELTOR","Satış / Daşınmaz əmlak agenti / makler","800 - 1600 AZN","Bakı","25 - 45 yaş"
"569","İNGİLİS DİLİ MÜƏLLİMİ","Təhsil və elm / Repetitor","600 - 800 AZN","Bakı","21 - 30 yaş"
"570","SIĞORTA MÜTƏXƏSSİSİ","Maliyyə / Sığorta","400 - 600 AZN","Bakı","21 - 30 yaş"
"571","MƏNZİL TƏMİR USTASI","Sənaye və kənd təsərrüfatı / Tikinti","1000 - 1500 AZN","Bakı","20 - 50 yaş"
"572","BAŞ AŞPAZ","Xidmət / Restoran işi","1000 - 1500 AZN","Bakı","22 - 28 yaş"
"573","SÜRÜCÜ","Xidmət / Sürücü","500 AZN","Bakı","25 - 40 yaş"
"574","MÜHASİB KÖMƏKÇİSİ","Maliyyə / Mühasibat","200 - 300 AZN","Bakı","20 - 35 yaş"
"575","PİYADA KURYER","Xidmət / Kuryer","300 - 400 AZN","Bakı","18 - 27 yaş"
"576","KURYER","Xidmət / Kuryer","200 - 300 AZN","Bakı","20 - 35 yaş"
"577","ПРОДАВЕЦ КОНСУЛЬТАНТ","Satış / Satış üzrə mütəxəssis","500 - 600 AZN","Bakı","22 - 48 yaş"
"578","KORPORATİV SATIŞ MENECERİ","Satış / Satış üzrə mütəxəssis","700 - 800 AZN","Bakı","23 - 35 yaş"
"579","AYIQ SÜRÜCÜ","Xidmət / Sürücü","500 - 700 AZN","Bakı","25 - 55 yaş"
"580","KOMBİ TƏLİMATÇISI","Müxtəlif / Tələbələr üçün","300 AZN","Bakı","18 - 40 yaş"
"581","OPERATOR","İnzibati / İnzibati dəstək","400 - 500 AZN","Bakı","20 - 35 yaş"
"582","FƏHLƏ","Xidmət / Fəhlə","400 - 500 AZN","Bakı","30 - 40 yaş"
"583","SÜRÜCÜ","Xidmət / Sürücü","600 AZN","Bakı","40 - 50 yaş"
"584","SATİŞ TƏMSİLÇİSİ","Satış / Satış üzrə mütəxəssis","800 - 1100 AZN","Bakı","25 - 40 yaş"
"585","ПРОДАВЕЦ-КОНСУЛЬТАНТ","Satış / Satış üzrə mütəxəssis","500 - 800 AZN","Bakı","25 - 38 yaş"
"586","MERÇENDAYZER","Marketinq / Marketinq menecment","400 - 500 AZN","Xırdalan","22 - 35 yaş"
"587","SATIŞ MƏSLƏHƏTÇİSİ","Satış / Satış üzrə mütəxəssis","500 - 800 AZN","Bakı","18 - 35 yaş"
"588","MÜHAFİZƏÇİ","Xidmət / Mühafizə xidməti","300 - 400 AZN","Bakı","21 - 30 yaş"
"589","MÜHƏNDİS KONSTRUKTOR","Sənaye və kənd təsərrüfatı / Mühəndis","700 - 1000 AZN","Bakı","25 - 45 yaş"
"590","TİBBİ NÜMAYƏNDƏ ","Tibb və əczaçılıq / Tibb təmsilçisi","500 - 800 AZN","Bakı","22 - 40 yaş"
"591","FƏHLƏ","Xidmət / Fəhlə","300 AZN","Bakı","18 - 25 yaş"
"592","RESEPŞN","İnzibati / Katibə / Resepşn","400 AZN","Bakı","18 - 30 yaş"
"593","1C PROQRAMI ÜZRƏ TƏTBİQÇİ-ANALİTİK","İnformasiya texnologiyaları / Məlumat bazasının idarə edilməsi və inkişafı","700 - 1000 AZN","Bakı","24 - 35 yaş"
"594","SATIŞ MƏSLƏHƏTÇİSİ","Satış / Satış üzrə mütəxəssis","600 - 700 AZN","Bakı","18 - 30 yaş"
"595","OFİS MENECERİ ","İnzibati / Ofis menecmenti","600 - 800 AZN","Bakı","20 - 40 yaş"
"596","SATICI","Satış / Satış üzrə mütəxəssis","400 AZN","Bakı","25 - 35 yaş"
"597","ANALYST","İnzibati / Digər","1500 - 1700 AZN","Bakı","22 - 30 yaş"
"598","TİBBİ NÜMAYƏNDƏ","Tibb və əczaçılıq / Tibb təmsilçisi","300 AZN","Bakı","19 - 45 yaş"
"599","1C ÜZRƏ MÜTƏXƏSSİS","Maliyyə / Mühasibat","1000 - 1200 AZN","Bakı","28 - 35 yaş"
"600","KATİBƏ","İnzibati / Katibə / Resepşn","400 AZN","Bakı"," -  yaş"
"601","KONSULTANT","Marketinq / Marketinq menecment","500 AZN","Bakı","18 - 25 yaş"
"602","ПРОДАВЕЦ КОНСУЛЬТАНТ","Satış / Satış üzrə mütəxəssis","500 - 600 AZN","Bakı","25 - 38 yaş"
"603","CALL CENTRE OPERATOR","İnzibati / İnzibati dəstək","300 AZN","Bakı","22 - 35 yaş"
"604","ANBARDAR","Xidmət / Digər","300 - 400 AZN","Bakı","19 - 28 yaş"
"605","SATIŞ TƏMSİLÇİSİ","Satış / Satış üzrə mütəxəssis","400 - 600 AZN","Bakı","22 - 35 yaş"
"606","TEXNİK","Xidmət / Sürücü","500 AZN","Bakı","20 - 45 yaş"
"607","RİELTOR","Satış / Daşınmaz əmlak agenti / makler","1000 - 1500 AZN","Bakı","20 - 30 yaş"
"608","КОНСУЛЬТАНТ ПО ПРОДАЖЕ ЮВЕЛИРНЫХ ИЗДЕЛИЙ И ЧАСОВ","Satış / Satış üzrə mütəxəssis","600 AZN","Bakı","20 - 35 yaş"
"609","СПЕЦИАЛИСТ ПО ПРОДАЖЕ ","Satış / Satış üzrə mütəxəssis","1200 AZN","Bakı","25 - 40 yaş"
"610","KABABÇI","Xidmət / Restoran işi","700 - 800 AZN","Bakı","25 - 40 yaş"
"611","MÜHASİB","Maliyyə / Mühasibat","900 - 1000 AZN","Bakı","27 - 35 yaş"
"612","SATIŞ ÜZRƏ MÜTƏXƏSSİS","Satış / Satış üzrə mütəxəssis","600 - 800 AZN","Bakı","24 - 35 yaş"
"613","KATİBƏ","İnzibati / Katibə / Resepşn","300 AZN","Bakı","25 - 35 yaş"
"614","РЕСЕПШН","İnzibati / Katibə / Resepşn","300 - 400 AZN","Bakı","19 - 30 yaş"
"615","КОНСУЛЬТАНТ ПО ПРОДАЖАМ","Satış / Satış üzrə mütəxəssis","500 - 600 AZN","Bakı","21 - 40 yaş"
"616","SATIŞ NÜMAYƏNDƏSİ","Satış / Satış üzrə mütəxəssis","1000 - 1200 AZN","Bakı","28 - 40 yaş"
"617","MÜHASİB","Maliyyə / Mühasibat","400 - 500 AZN","Bakı","20 - 40 yaş"
"618","OFİS MENECERİ ","Təhsil və elm / Xüsusi təhsil/ Təlim","300 - 500 AZN","Bakı","18 - 35 yaş"
"619","SATIŞ MƏSLƏHƏTÇİSİ","Satış / Satış üzrə mütəxəssis","400 - 600 AZN","Bakı","20 - 35 yaş"
"620","RESEPŞN","İnzibati / Katibə / Resepşn","300 - 400 AZN","Bakı","20 - 35 yaş"
"621","SATIŞ MÜTƏXƏSSİSİ","Satış / Satış üzrə mütəxəssis","600 AZN","Bakı","23 - 35 yaş"
"622","ŞİRNİYYAT USTASI","Sənaye və kənd təsərrüfatı / Digər","400 - 1000 AZN","Bakı","20 - 50 yaş"
"623","SOBAÇI","Xidmət / Fəhlə","400 - 500 AZN","Bakı","20 - 35 yaş"
"624","SATICI","Satış / Satış üzrə mütəxəssis","1000 - 1500 AZN","Bakı","23 - 35 yaş"
"625","SATIŞ TƏMSİLÇİSİ","Satış / Satış üzrə mütəxəssis","500 - 800 AZN","Sumqayıt","20 - 30 yaş"
"626","STRATEJİ İŞLƏR ÜZRƏ MALİYYƏÇİ","Maliyyə / Maliyyə analiz","700 - 1300 AZN","Bakı","25 - 45 yaş"
"627","PROCUREMENT MANAGER","İnzibati / Menecment","600 - 1000 AZN","Bakı","25 - 40 yaş"
"628","TUR MENECERİ","Xidmət / Turizm və mehmanxana işi","800 - 1000 AZN","Bakı","27 - 35 yaş"
"629","OPTİKA-DA SATICI","Xidmət / Digər","200 - 300 AZN","Bakı","25 - 35 yaş"
"630","HR ASİSTENTİ","İnzibati / Heyətin idarəolunması","400 AZN","Bakı","22 - 30 yaş"
"631","JUNİOR PROQRAMÇI","İnformasiya texnologiyaları / Proqramlaşdırma","800 - 1000 AZN","Bakı","20 - 29 yaş"
"632","HƏKİM DERMATOLOQ","Tibb və əczaçılıq / Həkim","700 - 800 AZN","Bakı","30 - 40 yaş"
"633","DAYƏ","Təhsil və elm / Digər","400 - 500 AZN","Bakı","25 - 35 yaş"
"634","AŞPAZ","Xidmət / Restoran işi","400 - 700 AZN","Bakı","18 - 35 yaş"
"635","TUR OPERATOR","Xidmət / Turizm və mehmanxana işi","400 - 600 AZN","Bakı","minimum 18 yaş"
"636","SATICI","Satış / Satış üzrə mütəxəssis","400 AZN","Bakı","20 - 40 yaş"
"637","QEYDİYYATÇI","Maliyyə / Digər","500 - 600 AZN","Bakı","20 - 35 yaş"
"638","ARQON QAYNAQÇI","Sənaye və kənd təsərrüfatı / Digər","800 AZN","Bakı","25 - 45 yaş"
"639","ПРОРАБ","Xidmət / Digər","500 - 800 AZN","Bakı","30 - 40 yaş"
"640","ALMAN DİLİ MÜƏLLİMİ","Təhsil və elm / Xüsusi təhsil/ Təlim","600 - 900 AZN","Bakı","18 - 65 yaş"
"641","XADİMƏ","Xidmət / Xadimə","500 AZN","Bakı","30 - 50 yaş"
"642","GÖMRÜK BƏYANNAMƏLƏRİ ÜZRƏ MÜTƏXƏSSİS","İnzibati / Digər","1000 AZN","Bakı","20 - 30 yaş"
"643","ƏCZAÇI","Tibb və əczaçılıq / Tibb təmsilçisi","400 - 500 AZN","Bakı","22 - 26 yaş"
"644","SATINALMA ÜZRƏ MÜTƏXƏSSİS ","İnzibati / Digər","500 - 700 AZN","Bakı","23 - 35 yaş"
"645","ТОРГОВЫЙ ПРЕДСТАВИТЕЛЬ","Satış / Satış üzrə mütəxəssis","1000 - 1500 AZN","Bakı","18 - 35 yaş"
"646","USTA","Xidmət / Digər","600 - 900 AZN","Bakı","25 - 35 yaş"
"647","DANIŞIQ KLUBU MODERATORU","Təhsil və elm / Xüsusi təhsil/ Təlim","300 - 500 AZN","Bakı","21 - 35 yaş"
"648","QRAFİK DİZAYNER","Dizayn / Digər","500 AZN","Bakı","22 - 35 yaş"
"649","VİDEOQRAF","Dizayn / Veb-dizayn","600 - 700 AZN","Bakı","24 - 36 yaş"
"650","QRAFİK DİZAYNER","Dizayn / Digər","500 AZN","Bakı","20 - 35 yaş"
"651","OFİSİANT","Xidmət / Restoran işi","600 - 900 AZN","Bakı","20 - 28 yaş"
"652","OFİSİANT","Xidmət / Restoran işi","300 - 500 AZN","Bakı","18 - 46 yaş"
"653","MAĞAZA MENECERİ","İnzibati / Digər","400 - 500 AZN","Bakı","25 - 35 yaş"
"654","KASSİR","Maliyyə / Kassir","300 - 400 AZN","Bakı","18 - 30 yaş"
"655","DƏZGAH USTASI","Xidmət / Digər","500 - 700 AZN","Bakı","20 - 35 yaş"
"656","INGİLİS DİLİ MÜƏLLİMİ","Təhsil və elm / Repetitor","200 - 400 AZN","Bakı","20 - 35 yaş"
"657","РЕЦЕПШН","İnzibati / Katibə / Resepşn","400 AZN","Bakı","19 - 30 yaş"
"658","DƏMİRÇİ","Xidmət / Digər","200 - 400 AZN","Bakı","25 - 40 yaş"
"659","АДМИНИСТРАТОР МАГАЗИНА","İnzibati / İnzibati dəstək","800 - 900 AZN","Bakı","25 - 35 yaş"
"660","SÜRÜCÜ","Xidmət / Sürücü","400 - 600 AZN","Bakı","25 - 45 yaş"
"661","SMM-СПЕЦИАЛИСТ","Marketinq / Reklam","400 - 800 AZN","Bakı","18 - 50 yaş"
"662","OPERATOR","İnzibati / İnzibati dəstək","200 - 600 AZN","Bakı","20 - 45 yaş"
"663","MÜHASİB","Maliyyə / Mühasibat","800 AZN","Bakı","30 - 35 yaş"
"664","OPERATOR","İnzibati / İnzibati dəstək","200 - 300 AZN","Bakı","20 - 45 yaş"
"665","TİBBİ NÜMAYƏNDƏ","Tibb və əczaçılıq / Tibb təmsilçisi","500 - 1500 AZN","Bakı","20 - 35 yaş"
"666","İELTS MÜƏLLİMİ ","Təhsil və elm / Repetitor","1500 - 2000 AZN","Bakı","21 - 35 yaş"
"667","BİZNESİN İNKİŞAFI ÜZRƏ MENECER","Marketinq / Marketinq menecment","800 - 1000 AZN","Bakı","22 - 30 yaş"
"668","KONTENT MENECER-TƏCRÜBƏÇİ","Marketinq / Kopiraytinq","100 - 200 AZN","Bakı","18 - 25 yaş"
